GameID,Week,HomeTeamGamesWon,HomeVsAwayGamesWon,DivisionGame
2009091000,1,0,0,0
2009091306,1,0,0,1
2009091303,1,0,0,0
2009091301,1,0,0,0
2009091307,1,0,0,0
2009091308,1,0,0,0
2009091305,1,0,0,0
2009091304,1,0,0,0
2009091302,1,0,0,0
2009091300,1,0,0,0
2009091309,1,0,0,1
2009091310,1,0,0,1
2009091311,1,0,0,1
2009091312,1,0,0,1
2009091400,1,0,0,1
2009091401,1,0,0,1
2009092004,2,0,0,1
2009092000,2,1,1,1
2009092008,2,0,0,0
2009092002,2,1,1,0
2009092005,2,1,0,1
2009092007,2,0,0,1
2009092003,2,0,0,0
2009092001,2,0,-1,1
2009092006,2,1,0,0
2009092009,2,0,0,0
2009092010,2,1,0,1
2009092012,2,1,1,0
2009092013,2,1,0,0
2009092011,2,0,-1,0
2009092014,2,1,0,1
2009092100,2,0,-1,0
2009092707,3,0,-1,0
2009092708,3,0,-2,0
2009092705,3,1,-1,0
2009092700,3,2,2,1
2009092706,3,1,1,0
2009092702,3,0,-1,0
2009092711,3,2,2,0
2009092703,3,1,1,1
2009092704,3,2,0,0
2009092709,3,1,-1,0
2009092710,3,1,0,0
2009092712,3,1,-1,1
2009092713,3,1,1,0
2009092701,3,1,0,1
2009092714,3,1,-1,0
2009092800,3,1,1,0
2009100405,4,0,-3,0
2009100407,4,1,1,0
2009100402,4,1,0,0
2009100406,4,2,-1,0
2009100400,4,2,1,1
2009100403,4,3,2,0
2009100401,4,0,-2,1
2009100404,4,1,1,1
2009100408,4,0,-1,1
2009100409,4,3,0,0
2009100410,4,3,1,0
2009100411,4,2,2,1
2009100412,4,1,-1,0
2009100500,4,3,1,1
2009101104,5,0,-2,0
2009101107,5,0,-4,0
2009101101,5,1,1,0
2009101106,5,2,2,0
2009101103,5,1,-1,0
2009101100,5,3,0,1
2009101105,5,4,3,0
2009101102,5,0,-2,0
2009101108,5,3,1,0
2009101109,5,1,-1,0
2009101111,5,1,-1,0
2009101110,5,4,1,0
2009101112,5,0,-4,1
2009101200,5,1,-2,1
2009101806,6,0,-1,1
2009101805,6,3,2,1
2009101801,6,2,1,1
2009101800,6,4,2,0
2009101804,6,4,-1,0
2009101802,6,2,2,0
2009101807,6,2,2,0
2009101803,6,5,2,0
2009101808,6,1,-2,0
2009101809,6,2,0,1
2009101810,6,3,3,0
2009101811,6,3,2,1
2009101812,6,3,0,0
2009101900,6,2,-3,1
2009102505,7,0,-5,0
2009102503,7,1,-1,1
2009102501,7,1,-2,0
2009102504,7,4,-2,0
2009102502,7,3,0,0
2009102506,7,0,-4,0
2009102508,7,2,-1,0
2009102507,7,2,0,0
2009102509,7,3,-1,0
2009102510,7,2,-3,0
2009102500,7,4,1,0
2009102511,7,5,2,0
2009102600,7,2,-1,1
2009110102,8,3,2,0
2009110107,8,4,2,1
2009110100,8,3,-3,0
2009110101,8,3,-1,0
2009110103,8,4,2,0
2009110104,8,1,1,0
2009110106,8,6,3,0
2009110111,8,4,-1,1
2009110109,8,0,-3,1
2009110108,8,3,1,1
2009110105,8,4,-2,1
2009110110,8,4,2,0
2009110200,8,6,2,1
2009110805,9,5,2,1
2009110802,9,5,1,1
2009110803,9,7,2,1
2009110806,9,0,-4,0
2009110800,9,4,2,0
2009110801,9,4,0,0
2009110804,9,3,2,0
2009110807,9,7,4,1
2009110808,9,2,1,0
2009110810,9,3,2,0
2009110809,9,5,1,0
2009110811,9,5,0,1
2009110900,9,6,1,0
2009111200,10,3,-1,0
2009111505,10,1,-7,0
2009111503,10,4,0,0
2009111504,10,6,0,1
2009111507,10,2,-4,0
2009111506,10,2,-1,0
2009111500,10,3,-2,1
2009111501,10,3,2,0
2009111502,10,7,6,1
2009111508,10,2,1,1
2009111510,10,4,-2,0
2009111511,10,5,0,0
2009111509,10,5,2,1
2009111512,10,8,2,0
2009111600,10,1,-3,1
2009111900,11,4,0,0
2009112205,11,2,-4,0
2009112208,11,1,-8,1
2009112202,11,1,0,0
2009112203,11,5,1,0
2009112200,11,5,-4,0
2009112207,11,5,0,0
2009112201,11,6,3,1
2009112204,11,5,2,0
2009112206,11,8,5,0
2009112209,11,1,-5,1
2009112212,11,2,-5,0
2009112210,11,6,0,1
2009112211,11,6,2,1
2009112213,11,4,-1,0
2009112300,11,5,2,1
2009112600,12,2,-4,1
2009112601,12,7,4,0
2009112602,12,6,0,0
2009112907,12,1,-2,1
2009112903,12,5,-5,1
2009112901,12,3,-2,1
2009112905,12,4,0,0
2009112902,12,7,6,1
2009112900,12,5,4,1
2009112906,12,6,3,1
2009112910,12,4,-2,0
2009112909,12,7,4,1
2009112908,12,4,-3,0
2009112904,12,9,5,1
2009112911,12,5,-1,1
2009113000,12,10,3,0
2009120300,13,4,-1,1
2009120606,13,3,-4,1
2009120607,13,6,3,0
2009120603,13,8,6,0
2009120613,13,5,-2,1
2009120602,13,4,3,0
2009120608,13,3,-8,0
2009120604,13,11,6,1
2009120605,13,6,1,1
2009120601,13,4,3,1
2009120600,13,6,-1,0
2009120609,13,1,-7,0
2009120611,13,6,-2,1
2009120612,13,4,-1,1
2009120610,13,7,-3,0
2009120700,13,7,1,0
2009121000,14,1,-5,1
2009121306,14,3,-1,0
2009121309,14,1,-5,0
2009121308,14,7,2,0
2009121300,14,6,-6,1
2009121302,14,5,-3,1
2009121304,14,12,4,0
2009121303,14,5,0,0
2009121301,14,6,4,0
2009121305,14,7,1,0
2009121307,14,10,1,0
2009121311,14,4,1,0
2009121310,14,5,4,0
2009121312,14,8,-1,0
2009121313,14,7,-1,1
2009121400,14,5,-3,1
2009121700,15,7,-6,1
2009121900,15,13,5,0
2009122003,15,3,1,0
2009122007,15,1,-5,0
2009122002,15,2,-6,0
2009122008,15,6,-1,0
2009122001,15,5,-3,1
2009122004,15,7,1,0
2009122009,15,8,4,1
2009122010,15,10,1,0
2009122006,15,6,-3,0
2009122000,15,7,2,0
2009122005,15,9,3,0
2009122011,15,5,4,0
2009122012,15,5,-6,0
2009122100,15,4,-3,1
2009122500,16,7,-4,0
2009122702,16,3,-2,0
2009122706,16,9,2,0
2009122704,16,7,0,0
2009122709,16,7,-1,1
2009122703,16,9,4,0
2009122700,16,7,2,0
2009122701,16,9,6,0
2009122707,16,13,11,1
2009122705,16,8,2,0
2009122711,16,6,4,0
2009122710,16,9,8,1
2009122712,16,14,7,0
2009122708,16,10,2,0
2009122713,16,4,-5,1
2009122800,16,5,-6,1
2010010309,17,1,-6,1
2010010306,17,7,-1,0
2010010300,17,5,-9,0
2010010305,17,8,-2,0
2010010302,17,4,-3,0
2010010304,17,2,-4,1
2010010310,17,3,-5,1
2010010301,17,7,-6,1
2010010307,17,11,3,0
2010010312,17,8,5,1
2010010303,17,10,-1,1
2010010314,17,12,8,0
2010010313,17,5,-3,0
2010010311,17,10,0,0
2010010315,17,5,-2,0
2010010308,17,8,-2,0
2010090900,1,0,0,0
2010091207,1,0,0,1
2010091200,1,0,0,0
2010091203,1,0,0,1
2010091202,1,0,0,0
2010091201,1,0,0,1
2010091205,1,0,0,0
2010091209,1,0,0,0
2010091204,1,0,0,0
2010091206,1,0,0,0
2010091208,1,0,0,1
2010091211,1,0,0,1
2010091210,1,0,0,0
2010091212,1,0,0,1
2010091300,1,0,0,0
2010091301,1,0,0,1
2010091901,2,1,1,0
2010091904,2,1,0,0
2010091906,2,0,0,0
2010091903,2,0,-1,0
2010091912,2,0,-1,1
2010091907,2,0,-1,0
2010091908,2,0,-1,1
2010091902,2,0,-1,0
2010091905,2,0,-1,0
2010091910,2,0,0,0
2010091909,2,0,-1,0
2010091913,2,0,-1,0
2010091900,2,1,0,0
2010091911,2,0,-1,1
2010091914,2,0,-1,0
2010092000,2,0,-1,0
2010092608,3,2,2,0
2010092600,3,1,0,0
2010092603,3,1,1,1
2010092601,3,0,-1,0
2010092604,3,1,1,1
2010092602,3,2,0,0
2010092606,3,2,1,1
2010092609,3,2,2,0
2010092605,3,0,0,1
2010092610,3,1,0,0
2010092607,3,0,-1,0
2010092612,3,1,0,0
2010092613,3,1,0,0
2010092611,3,1,0,0
2010092614,3,2,1,1
2010092700,3,2,0,1
2010100307,4,1,-1,1
2010100304,4,2,2,1
2010100303,4,2,1,0
2010100301,4,0,-2,1
2010100302,4,3,1,1
2010100300,4,0,-2,1
2010100306,4,2,2,1
2010100305,4,2,2,0
2010100309,4,1,-1,0
2010100308,4,1,-1,1
2010100310,4,2,1,1
2010100311,4,1,-1,0
2010100312,4,1,-2,0
2010100400,4,2,0,1
2010101004,5,0,-2,0
2010101003,5,2,-1,0
2010101001,5,3,1,0
2010101000,5,0,-2,0
2010101007,5,1,-2,0
2010101005,5,0,-3,0
2010101008,5,3,1,0
2010101006,5,2,0,0
2010101002,5,2,-1,0
2010101009,5,2,-1,0
2010101011,5,1,-1,1
2010101010,5,1,-1,0
2010101012,5,0,-2,0
2010101100,5,3,2,0
2010101701,6,2,0,0
2010101702,6,3,-1,0
2010101703,6,3,2,1
2010101707,6,4,2,0
2010101706,6,3,-1,0
2010101700,6,3,1,0
2010101708,6,3,0,1
2010101705,6,3,2,0
2010101704,6,3,0,0
2010101709,6,2,-2,0
2010101710,6,0,-2,0
2010101711,6,1,0,0
2010101712,6,3,0,0
2010101800,6,3,0,1
2010102402,7,4,4,0
2010102401,7,3,-1,0
2010102408,7,4,0,0
2010102404,7,4,3,0
2010102407,7,3,0,0
2010102406,7,0,-1,0
2010102403,7,3,0,0
2010102405,7,4,1,0
2010102400,7,4,2,0
2010102409,7,3,0,1
2010102410,7,2,-2,0
2010102411,7,2,0,1
2010102412,7,3,1,1
2010102500,7,1,-3,1
2010103105,8,3,2,0
2010103104,8,1,-3,0
2010103106,8,5,1,0
2010103101,8,1,-2,0
2010103102,8,2,-1,0
2010103100,8,1,-1,0
2010103103,8,4,4,0
2010103107,8,2,-3,0
2010103108,8,5,3,0
2010103109,8,3,-1,0
2010103110,8,3,-1,0
2010103111,8,4,-1,0
2010110100,8,4,0,1
2010110703,9,4,1,0
2010110701,9,5,1,0
2010110704,9,0,-4,0
2010110702,9,2,-4,0
2010110706,9,5,0,1
2010110700,9,2,-3,0
2010110707,9,1,-4,1
2010110705,9,2,-1,0
2010110708,9,4,-1,0
2010110710,9,4,-1,1
2010110709,9,4,-1,0
2010110711,9,5,4,0
2010110800,9,2,-3,1
2010111100,10,6,0,0
2010111401,10,3,-3,0
2010111402,10,5,3,0
2010111400,10,4,-1,0
2010111405,10,5,4,1
2010111404,10,5,2,1
2010111406,10,0,-2,0
2010111403,10,4,0,1
2010111407,10,2,-3,1
2010111408,10,6,5,1
2010111409,10,3,-1,1
2010111410,10,2,-2,1
2010111411,10,6,0,0
2010111500,10,4,-1,1
2010111800,11,5,-1,0
2010112105,11,2,0,0
2010112102,11,2,1,0
2010112103,11,6,1,0
2010112109,11,5,2,0
2010112104,11,5,2,0
2010112101,11,7,3,0
2010112108,11,5,1,0
2010112100,11,1,-5,0
2010112106,11,3,-3,1
2010112107,11,6,1,0
2010112110,11,4,-3,0
2010112111,11,3,-3,0
2010112112,11,7,1,0
2010112113,11,6,0,1
2010112200,11,4,1,1
2010112500,12,2,-6,0
2010112501,12,3,-4,0
2010112502,12,8,6,0
2010112800,12,6,0,0
2010112803,12,5,2,0
2010112801,12,2,-5,0
2010112805,12,8,1,0
2010112802,12,4,-1,1
2010112807,12,3,2,0
2010112809,12,5,0,0
2010112808,12,5,-1,0
2010112804,12,7,0,0
2010112806,12,7,0,0
2010112810,12,3,-1,0
2010112811,12,6,1,0
2010112900,12,3,0,1
2010120200,13,7,2,0
2010120504,13,7,2,1
2010120506,13,7,3,0
2010120501,13,6,2,0
2010120503,13,7,4,1
2010120505,13,2,-6,1
2010120502,13,5,-1,1
2010120508,13,2,-6,0
2010120500,13,4,2,0
2010120509,13,6,1,1
2010120510,13,6,3,0
2010120511,13,3,-2,1
2010120507,13,7,-2,1
2010120512,13,5,4,0
2010120513,13,8,0,1
2010120600,13,9,0,1
2010120900,14,5,-1,1
2010121201,14,2,-3,0
2010121202,14,9,7,1
2010121203,14,7,1,0
2010121207,14,1,-9,1
2010121205,14,2,-6,1
2010121204,14,5,-2,0
2010121208,14,9,3,0
2010121209,14,4,-2,1
2010121211,14,3,0,0
2010121210,14,9,3,1
2010121212,14,6,-2,1
2010121200,14,9,-1,0
2010121213,14,4,-4,1
2010121301,14,5,-3,0
2010121300,14,5,-3,0
2010121600,15,7,2,0
2010121900,15,6,-2,0
2010121901,15,7,4,1
2010121902,15,2,-3,1
2010121904,15,5,0,1
2010121903,15,7,-1,1
2010121906,15,9,0,1
2010121909,15,9,-1,0
2010121905,15,4,-1,1
2010121908,15,8,5,0
2010121907,15,1,-3,0
2010121910,15,6,-5,0
2010121911,15,10,1,0
2010121912,15,6,3,1
2010121913,15,11,3,0
2010122000,15,5,-4,1
2010122300,16,10,8,0
2010122500,16,4,-1,0
2010122606,16,6,1,1
2010122600,16,10,0,0
2010122601,16,4,-8,1
2010122602,16,5,-5,1
2010122603,16,9,3,0
2010122607,16,7,3,0
2010122608,16,8,3,0
2010122610,16,7,-1,0
2010122612,16,3,-5,0
2010122609,16,3,-2,0
2010122611,16,8,-1,0
2010122605,16,8,2,0
2010122700,16,12,2,1
2010122800,16,10,5,0
2011010212,17,11,2,1
2011010202,17,11,7,1
2011010203,17,5,-6,1
2011010200,17,13,6,1
2011010206,17,10,3,1
2011010211,17,12,10,1
2011010209,17,5,-1,1
2011010201,17,10,6,1
2011010204,17,5,-3,1
2011010213,17,4,-4,1
2011010207,17,10,5,1
2011010214,17,5,0,1
2011010210,17,9,-2,1
2011010205,17,9,3,1
2011010208,17,6,-3,1
2011010215,17,6,-1,1
2011090800,1,0,0,0
2011091107,1,0,0,0
2011091100,1,0,0,1
2011091102,1,0,0,1
2011091103,1,0,0,1
2011091101,1,0,0,1
2011091106,1,0,0,0
2011091104,1,0,0,0
2011091105,1,0,0,0
2011091109,1,0,0,0
2011091111,1,0,0,0
2011091110,1,0,0,1
2011091108,1,0,0,1
2011091112,1,0,0,0
2011091200,1,0,0,1
2011091201,1,0,0,1
2011091800,2,1,1,0
2011091803,2,1,0,0
2011091808,2,0,-1,0
2011091809,2,0,0,0
2011091807,2,0,-1,0
2011091804,2,0,0,0
2011091802,2,0,-1,0
2011091801,2,1,0,0
2011091805,2,1,0,0
2011091806,2,0,0,0
2011091810,2,1,1,0
2011091811,2,1,0,0
2011091812,2,0,-1,0
2011091813,2,0,-1,0
2011091814,2,0,-1,0
2011091900,2,0,0,0
2011092507,3,1,0,0
2011092504,3,1,0,0
2011092500,3,0,-1,0
2011092503,3,1,1,0
2011092501,3,1,-1,0
2011092502,3,2,0,1
2011092505,3,1,0,1
2011092506,3,0,-2,1
2011092508,3,1,-1,0
2011092510,3,0,-1,0
2011092509,3,1,1,1
2011092512,3,0,-1,1
2011092511,3,1,-1,1
2011092513,3,1,0,1
2011092514,3,0,-1,0
2011092600,3,1,-1,1
2011100206,4,0,-2,0
2011100208,4,0,0,0
2011100203,4,2,-1,0
2011100204,4,1,-1,0
2011100201,4,2,0,0
2011100202,4,2,0,0
2011100207,4,1,-1,0
2011100200,4,1,-2,0
2011100205,4,1,0,0
2011100209,4,1,-1,0
2011100210,4,1,0,0
2011100211,4,3,2,0
2011100212,4,2,0,0
2011100213,4,2,2,0
2011100214,4,2,0,0
2011100300,4,2,2,0
2011100900,5,2,-1,0
2011100902,5,0,-1,0
2011100901,5,3,1,0
2011100903,5,1,-1,0
2011100906,5,1,-2,1
2011100904,5,3,2,0
2011100907,5,3,2,0
2011100905,5,0,-1,0
2011100908,5,3,0,0
2011100909,5,3,1,1
2011100910,5,1,-2,1
2011100911,5,2,-2,0
2011101000,5,4,2,1
2011101605,6,5,5,0
2011101600,6,3,-1,0
2011101601,6,3,3,0
2011101606,6,2,1,1
2011101602,6,3,2,0
2011101604,6,5,1,0
2011101603,6,3,2,1
2011101607,6,3,1,0
2011101608,6,3,0,0
2011101610,6,4,2,0
2011101609,6,3,-1,1
2011101611,6,2,1,1
2011101700,6,2,2,1
2011102300,7,0,-1,0
2011102302,7,3,0,1
2011102301,7,3,-1,0
2011102306,7,2,0,0
2011102305,7,4,1,0
2011102303,7,5,2,0
2011102304,7,1,-2,0
2011102307,7,1,-3,0
2011102310,7,2,2,0
2011102309,7,1,-5,1
2011102308,7,4,2,1
2011102311,7,4,4,0
2011102400,7,1,-3,0
2011103004,8,0,-5,0
2011103005,8,4,3,0
2011103000,8,4,4,0
2011103001,8,4,2,1
2011103002,8,3,3,1
2011103003,8,2,1,0
2011103007,8,4,1,0
2011103006,8,2,-3,0
2011103009,8,5,2,0
2011103008,8,5,0,0
2011103010,8,2,-2,0
2011103011,8,2,-1,1
2011103100,8,3,-1,1
2011110603,9,3,1,0
2011110606,9,0,-4,0
2011110602,9,4,4,0
2011110601,9,5,2,0
2011110600,9,5,1,1
2011110604,9,3,-3,0
2011110605,9,5,1,1
2011110607,9,4,2,1
2011110608,9,4,-1,0
2011110609,9,5,0,0
2011110611,9,1,0,1
2011110610,9,4,-3,0
2011110612,9,6,1,1
2011110700,9,3,-1,0
2011111000,10,4,0,1
2011111303,10,6,0,1
2011111306,10,3,1,0
2011111300,10,4,-1,0
2011111304,10,0,-2,1
2011111302,10,4,-2,0
2011111308,10,5,-1,1
2011111305,10,4,1,1
2011111310,10,3,2,0
2011111309,10,1,-2,0
2011111301,10,2,-2,0
2011111311,10,2,-4,0
2011111312,10,7,1,0
2011111307,10,5,-1,1
2011111313,10,5,0,1
2011111400,10,8,6,1
2011111700,11,4,-1,0
2011112007,11,9,5,0
2011112002,11,2,-3,1
2011112004,11,6,0,1
2011112006,11,6,4,0
2011112003,11,3,0,0
2011112005,11,3,-2,1
2011112000,11,2,-3,0
2011112008,11,8,5,1
2011112009,11,2,-1,1
2011112001,11,5,0,0
2011112010,11,6,2,0
2011112011,11,6,3,1
2011112100,11,6,2,0
2011112400,12,7,-3,1
2011112401,12,6,3,0
2011112402,12,7,-2,0
2011112704,12,2,-1,1
2011112706,12,5,1,0
2011112700,12,5,0,1
2011112701,12,6,2,1
2011112703,12,6,4,0
2011112705,12,0,-2,0
2011112702,12,3,-4,1
2011112708,12,6,-1,0
2011112707,12,4,1,0
2011112710,12,4,-1,1
2011112709,12,4,-3,0
2011112711,12,4,-3,0
2011112800,12,7,1,0
2011120100,13,4,0,0
2011120407,13,4,1,1
2011120413,13,8,8,0
2011120402,13,5,-1,0
2011120405,13,8,1,1
2011120408,13,8,1,0
2011120400,13,4,-2,0
2011120401,13,7,3,0
2011120403,13,3,-4,0
2011120409,13,2,-4,0
2011120404,13,4,-4,1
2011120410,13,6,-5,0
2011120411,13,4,-3,0
2011120412,13,9,7,1
2011120406,13,8,1,0
2011120500,13,3,-1,0
2011120800,14,9,5,1
2011121103,14,7,-2,0
2011121104,14,9,9,0
2011121102,14,7,2,0
2011121100,14,4,-5,0
2011121107,14,4,0,0
2011121105,14,7,5,1
2011121108,14,3,-1,0
2011121109,14,7,-2,0
2011121106,14,4,-3,1
2011121110,14,5,-5,1
2011121111,14,7,0,0
2011121112,14,5,0,0
2011121101,14,12,5,0
2011121113,14,7,1,1
2011121200,14,5,3,1
2011121500,15,8,4,0
2011121700,15,4,-3,0
2011121800,15,2,-5,0
2011121801,15,5,1,1
2011121803,15,7,3,1
2011121807,15,5,-8,0
2011121802,15,0,-7,1
2011121804,15,7,1,0
2011121806,15,10,6,0
2011121805,15,2,-8,0
2011121808,15,7,-1,0
2011121810,15,6,2,0
2011121811,15,8,-2,0
2011121809,15,5,-3,0
2011121812,15,6,-4,0
2011121900,15,10,0,0
2011122200,16,1,-9,1
2011122409,16,10,8,0
2011122401,16,11,6,1
2011122400,16,5,-3,0
2011122403,16,7,3,1
2011122408,16,8,1,0
2011122404,16,6,-1,1
2011122405,16,8,1,0
2011122402,16,10,6,1
2011122407,16,5,1,1
2011122406,16,5,3,0
2011122410,16,9,2,0
2011122411,16,8,2,1
2011122412,16,7,-4,1
2011122500,16,13,6,1
2011122600,16,11,2,1
2012010112,17,2,-10,1
2012010104,17,10,2,1
2012010108,17,14,4,1
2012010100,17,5,-3,1
2012010107,17,7,2,1
2012010101,17,12,6,1
2012010105,17,4,2,1
2012010111,17,12,6,1
2012010109,17,3,-4,1
2012010115,17,7,0,1
2012010114,17,8,1,1
2012010102,17,9,-2,1
2012010103,17,4,-7,1
2012010113,17,8,2,1
2012010110,17,9,5,1
2012010106,17,8,0,1
2012090500,1,0,0,1
2012090900,1,0,0,0
2012090902,1,0,0,1
2012090906,1,0,0,0
2012090904,1,0,0,0
2012090905,1,0,0,0
2012090907,1,0,0,0
2012090903,1,0,0,0
2012090908,1,0,0,0
2012090901,1,0,0,0
2012090910,1,0,0,1
2012090909,1,0,0,0
2012090911,1,0,0,1
2012090912,1,0,0,0
2012091000,1,0,0,1
2012091001,1,0,0,1
2012091300,2,0,-1,1
2012091605,2,0,0,0
2012091602,2,1,0,0
2012091606,2,0,0,1
2012091612,2,0,0,0
2012091603,2,0,-1,0
2012091604,2,1,0,0
2012091607,2,0,-1,1
2012091600,2,0,-1,0
2012091601,2,0,0,1
2012091609,2,0,-1,0
2012091608,2,0,-1,0
2012091611,2,1,1,0
2012091610,2,0,-1,0
2012091613,2,1,0,0
2012091700,2,1,0,0
2012092000,3,1,0,0
2012092307,3,0,-1,0
2012092305,3,0,0,0
2012092303,3,0,-1,0
2012092304,3,1,0,0
2012092306,3,1,0,1
2012092308,3,1,1,1
2012092301,3,1,0,0
2012092300,3,1,0,0
2012092302,3,1,-1,0
2012092310,3,2,0,0
2012092309,3,2,0,0
2012092311,3,1,-1,0
2012092312,3,0,-1,0
2012092313,3,1,0,0
2012092400,3,1,0,0
2012092700,4,2,2,1
2012093005,4,1,-1,1
2012093000,4,2,1,1
2012093006,4,2,0,0
2012093003,4,1,-1,1
2012093001,4,3,2,1
2012093004,4,3,2,1
2012093002,4,1,-1,1
2012093008,4,1,0,1
2012093009,4,1,-1,0
2012093007,4,3,2,0
2012093010,4,1,1,0
2012093011,4,1,0,0
2012093012,4,2,0,1
2012100100,4,2,0,0
2012100400,5,2,-2,1
2012100703,5,2,2,0
2012100706,5,1,-2,0
2012100701,5,1,-2,0
2012100702,5,1,-1,0
2012100705,5,3,2,0
2012100700,5,2,-2,0
2012100707,5,1,-1,0
2012100708,5,1,-2,0
2012100704,5,3,2,0
2012100710,5,3,1,0
2012100709,5,2,0,0
2012100711,5,0,-3,0
2012100800,5,2,-2,0
2012101100,6,1,-1,0
2012101405,6,2,-1,0
2012101401,6,1,0,0
2012101400,6,5,4,0
2012101406,6,4,2,0
2012101402,6,2,0,0
2012101403,6,0,-3,1
2012101404,6,3,2,0
2012101408,6,3,0,0
2012101407,6,4,2,0
2012101409,6,4,1,0
2012101410,6,2,-2,0
2012101411,6,5,3,0
2012101500,6,3,1,1
2012101800,7,4,0,1
2012102104,7,3,0,0
2012102103,7,2,1,1
2012102105,7,5,0,0
2012102106,7,2,1,0
2012102107,7,3,1,0
2012102102,7,1,-1,0
2012102100,7,4,1,1
2012102101,7,4,0,0
2012102109,7,1,0,0
2012102108,7,3,0,1
2012102110,7,3,1,1
2012102200,7,4,2,1
2012102500,8,5,3,0
2012102808,8,3,0,0
2012102805,8,3,-3,0
2012102807,8,2,-2,0
2012102806,8,5,4,0
2012102800,8,4,3,0
2012102803,8,3,0,1
2012102801,8,3,0,1
2012102804,8,3,-1,0
2012102802,8,1,-2,0
2012102809,8,1,-1,1
2012102810,8,3,-2,1
2012102811,8,3,1,0
2012102900,8,4,-1,1
2012110100,9,3,2,1
2012110407,9,4,0,0
2012110404,9,3,-1,0
2012110406,9,6,3,0
2012110401,9,5,1,0
2012110405,9,2,-3,1
2012110403,9,3,-3,0
2012110402,9,1,-2,0
2012110400,9,3,2,0
2012110409,9,3,0,0
2012110408,9,4,-1,0
2012110410,9,6,2,0
2012110411,9,7,4,0
2012110500,9,2,-1,0
2012110800,10,1,-4,1
2012111106,10,3,-5,1
2012111103,10,5,2,1
2012111100,10,2,-3,0
2012111104,10,6,3,0
2012111102,10,4,1,0
2012111101,10,4,0,0
2012111105,10,3,-3,0
2012111107,10,5,1,1
2012111108,10,5,2,0
2012111109,10,3,0,1
2012111110,10,6,3,1
2012111111,10,7,0,0
2012111200,10,5,4,0
2012111500,11,3,-1,1
2012111805,11,3,0,0
2012111801,11,4,-2,1
2012111808,11,1,-3,0
2012111807,11,8,7,1
2012111802,11,8,4,0
2012111800,11,3,0,1
2012111804,11,4,2,0
2012111803,11,2,-3,1
2012111809,11,3,-1,0
2012111806,11,6,0,0
2012111810,11,6,2,1
2012111811,11,6,-1,1
2012111900,11,7,0,0
2012112200,12,4,-5,0
2012112201,12,5,1,1
2012112202,12,4,-3,1
2012112505,12,7,1,1
2012112501,12,2,-4,1
2012112500,12,5,2,0
2012112506,12,6,-3,1
2012112503,12,1,-3,1
2012112507,12,4,-2,0
2012112504,12,1,-6,1
2012112502,12,6,2,0
2012112508,12,4,-4,0
2012112510,12,4,1,1
2012112509,12,5,-3,0
2012112511,12,6,-1,0
2012112600,12,3,1,0
2012112900,13,10,5,1
2012120202,13,4,-5,1
2012120206,13,4,2,0
2012120201,13,7,1,1
2012120208,13,4,-6,1
2012120207,13,5,-3,1
2012120200,13,8,2,0
2012120204,13,1,-2,0
2012120205,13,4,-3,0
2012120203,13,4,0,0
2012120209,13,8,2,0
2012120210,13,9,3,1
2012120211,13,3,0,0
2012120212,13,4,-2,0
2012120213,13,5,2,1
2012120300,13,5,-2,1
2012120600,14,3,-6,1
2012120908,14,5,0,0
2012120904,14,2,-3,0
2012120903,14,8,4,1
2012120902,14,7,3,0
2012120901,14,4,2,0
2012120907,14,6,3,0
2012120909,14,7,1,0
2012120900,14,6,-3,0
2012120906,14,3,-8,1
2012120905,14,6,-2,1
2012120910,14,9,4,0
2012120911,14,7,2,0
2012120912,14,7,3,1
2012120913,14,8,4,1
2012121000,14,9,-2,0
2012121300,15,4,-3,0
2012121603,15,6,-1,0
2012121606,15,9,-1,0
2012121607,15,11,2,1
2012121602,15,5,-1,1
2012121604,15,5,-2,0
2012121601,15,11,3,0
2012121600,15,8,-1,1
2012121605,15,5,3,0
2012121608,15,4,0,0
2012121609,15,5,1,0
2012121610,15,5,-3,0
2012121612,15,3,1,1
2012121611,15,7,0,0
2012121613,15,10,0,0
2012121700,15,4,-2,0
2012122200,16,4,-8,0
2012122304,16,2,-8,0
2012122306,16,8,2,0
2012122303,16,7,-1,1
2012122300,16,10,5,0
2012122302,16,6,1,1
2012122310,16,12,4,0
2012122305,16,2,-7,0
2012122308,16,6,0,0
2012122307,16,4,-4,1
2012122314,16,6,1,0
2012122301,16,5,1,0
2012122311,16,11,6,0
2012122312,16,5,-3,0
2012122309,16,9,1,0
2012122313,16,9,-2,1
2012123010,17,13,7,1
2012123000,17,5,-1,1
2012123005,17,5,3,1
2012123004,17,10,-2,1
2012123003,17,7,2,1
2012123011,17,7,1,1
2012123008,17,4,-5,1
2012123002,17,9,-1,1
2012123006,17,8,4,1
2012123013,17,6,2,1
2012123009,17,9,-2,1
2012123001,17,11,4,1
2012123014,17,11,6,1
2012123012,17,12,10,1
2012123015,17,10,3,1
2012123007,17,9,1,1
2013090500,1,0,0,0
2013090804,1,0,0,1
2013090803,1,0,0,0
2013090800,1,0,0,1
2013090802,1,0,0,0
2013090805,1,0,0,0
2013090809,1,0,0,0
2013090807,1,0,0,0
2013090806,1,0,0,0
2013090808,1,0,0,1
2013090801,1,0,0,0
2013090810,1,0,0,1
2013090811,1,0,0,0
2013090812,1,0,0,1
2013090900,1,0,0,1
2013090901,1,0,0,0
2013091200,2,1,0,1
2013091504,2,0,0,0
2013091507,2,1,0,0
2013091501,2,0,0,1
2013091502,2,0,0,0
2013091508,2,1,1,0
2013091506,2,1,0,0
2013091500,2,0,-1,0
2013091505,2,1,0,1
2013091503,2,1,1,1
2013091510,2,0,-1,1
2013091509,2,0,-1,0
2013091512,2,0,0,0
2013091511,2,0,-1,0
2013091513,2,1,0,1
2013091600,2,0,0,1
2013091900,3,1,-1,0
2013092206,3,2,2,0
2013092202,3,1,0,0
2013092200,3,1,-1,0
2013092207,3,2,1,0
2013092208,3,1,0,0
2013092201,3,1,0,0
2013092209,3,0,-1,0
2013092210,3,0,0,0
2013092204,3,0,0,0
2013092203,3,2,1,0
2013092205,3,1,0,1
2013092211,3,1,0,0
2013092212,3,2,2,0
2013092213,3,0,-2,0
2013092300,3,2,1,1
2013092600,4,1,0,1
2013092900,4,1,-1,0
2013092905,4,3,3,0
2013092903,4,2,-1,0
2013092907,4,0,-1,0
2013092902,4,2,-1,1
2013092904,4,0,-2,1
2013092901,4,1,-1,1
2013092906,4,0,0,0
2013092908,4,2,0,0
2013092909,4,3,2,0
2013092910,4,1,1,0
2013092911,4,1,-1,0
2013092912,4,1,-2,0
2013093000,4,3,0,0
2013100300,5,2,0,0
2013100606,5,1,1,0
2013100605,5,0,-1,1
2013100604,5,3,1,0
2013100602,5,1,-2,1
2013100600,5,3,-1,0
2013100601,5,2,-2,0
2013100607,5,3,-1,0
2013100603,5,3,-1,0
2013100608,5,2,1,0
2013100609,5,2,-2,0
2013100611,5,2,0,0
2013100610,5,1,-1,1
2013100700,5,1,-1,0
2013101000,6,3,3,0
2013101300,6,3,1,0
2013101302,6,3,0,0
2013101301,6,2,-1,0
2013101304,6,5,3,1
2013101306,6,3,3,0
2013101307,6,0,-2,0
2013101303,6,2,0,0
2013101305,6,1,0,0
2013101308,6,5,5,0
2013101309,6,4,1,0
2013101311,6,3,0,1
2013101310,6,4,-1,0
2013101312,6,2,1,1
2013101400,6,2,-2,0
2013101700,7,3,-2,1
2013102000,7,1,1,1
2013102006,7,3,1,1
2013102002,7,4,0,0
2013102008,7,3,0,1
2013102004,7,0,-3,0
2013102001,7,2,-1,0
2013102007,7,3,-2,1
2013102009,7,1,-3,0
2013102010,7,3,-1,0
2013102011,7,1,-2,1
2013102003,7,3,0,0
2013102005,7,6,4,0
2013102012,7,4,-2,0
2013102100,7,0,-1,0
2013102400,8,0,-3,1
2013102703,8,5,2,1
2013102704,8,5,2,0
2013102702,8,7,4,0
2013102705,8,3,2,1
2013102700,8,4,0,0
2013102701,8,0,-5,0
2013102706,8,2,0,0
2013102707,8,5,1,0
2013102708,8,3,1,0
2013102709,8,6,4,0
2013102710,8,1,-3,1
2013102800,8,3,-3,1
2013103100,9,3,-3,0
2013110304,9,3,0,0
2013110300,9,3,-5,0
2013110305,9,2,-2,0
2013110301,9,4,2,1
2013110302,9,4,3,0
2013110303,9,4,-2,0
2013110306,9,3,0,0
2013110307,9,7,7,0
2013110308,9,3,0,1
2013110309,9,6,4,0
2013110310,9,2,-3,1
2013110400,9,5,1,1
2013110700,10,1,-2,0
2013111003,10,5,1,0
2013111007,10,4,4,1
2013111001,10,3,-3,1
2013111006,10,2,-1,0
2013111005,10,2,-1,0
2013111000,10,2,-6,0
2013111002,10,5,0,1
2013111004,10,6,3,0
2013111008,10,6,1,0
2013111010,10,4,-3,1
2013111009,10,4,2,0
2013111011,10,6,1,0
2013111100,10,0,-4,0
2013111400,11,4,-2,1
2013111701,11,5,1,0
2013111707,11,3,-3,0
2013111700,11,3,-2,1
2013111702,11,6,2,1
2013111706,11,5,2,1
2013111703,11,2,-1,0
2013111708,11,1,-1,1
2013111704,11,1,-4,0
2013111705,11,4,0,0
2013111712,11,3,-2,0
2013111710,11,7,1,0
2013111711,11,9,7,0
2013111709,11,8,-1,1
2013111800,11,6,-1,0
2013112100,12,2,-6,1
2013112407,12,4,-2,0
2013112400,12,4,-1,0
2013112403,12,5,3,1
2013112404,12,2,1,1
2013112405,12,9,5,1
2013112402,12,6,4,0
2013112401,12,4,0,1
2013112406,12,5,-2,0
2013112409,12,4,0,0
2013112408,12,6,-1,0
2013112410,12,4,-1,1
2013112411,12,7,-2,0
2013112500,12,3,-3,0
2013112800,13,6,1,1
2013112801,13,6,2,0
2013112802,13,5,0,1
2013120109,13,2,-6,0
2013120101,13,4,2,0
2013120106,13,6,-1,0
2013120105,13,5,0,1
2013120102,13,7,2,1
2013120100,13,8,5,1
2013120104,13,3,-3,1
2013120107,13,4,2,0
2013120108,13,7,2,1
2013120110,13,5,-2,0
2013120103,13,9,0,1
2013120111,13,3,-1,1
2013120200,13,10,1,0
2013120500,14,3,1,1
2013120806,14,5,-1,0
2013120813,14,5,2,0
2013120807,14,3,-1,0
2013120803,14,5,1,0
2013120805,14,7,0,0
2013120802,14,9,5,0
2013120801,14,8,0,0
2013120800,14,6,2,0
2013120808,14,3,-6,0
2013120809,14,10,5,0
2013120810,14,7,2,1
2013120811,14,5,0,0
2013120812,14,8,-3,1
2013120804,14,9,0,1
2013120900,14,6,-1,0
2013121200,15,11,5,1
2013121502,15,8,6,1
2013121505,15,4,-4,0
2013121504,15,7,-3,1
2013121508,15,4,-5,0
2013121503,15,4,0,0
2013121501,15,4,-3,0
2013121500,15,3,0,0
2013121506,15,5,-6,0
2013121510,15,9,3,0
2013121511,15,4,-6,1
2013121512,15,7,1,0
2013121507,15,5,-5,0
2013121509,15,5,-3,0
2013121513,15,5,-4,1
2013121600,15,7,0,0
2013122208,16,6,2,0
2013122200,16,5,-3,1
2013122206,16,6,2,0
2013122205,16,11,2,0
2013122202,16,9,4,0
2013122203,16,2,-9,0
2013122204,16,4,-1,1
2013122209,16,3,-4,1
2013122201,16,10,0,1
2013122210,16,7,2,0
2013122211,16,12,3,1
2013122214,16,8,-2,0
2013122213,16,7,3,1
2013122212,16,7,1,0
2013122207,16,8,0,0
2013122300,16,10,6,0
2013122910,17,7,3,1
2013122911,17,6,4,1
2013122905,17,8,1,1
2013122904,17,10,6,1
2013122902,17,10,2,1
2013122909,17,6,3,1
2013122900,17,4,-7,1
2013122906,17,5,-2,1
2013122913,17,4,-8,1
2013122908,17,10,6,1
2013122907,17,11,5,1
2013122901,17,8,1,1
2013122912,17,10,-1,1
2013122914,17,8,-3,1
2013122915,17,12,5,1
2013122903,17,8,-1,1
2014090400,1,0,0,0
2014090709,1,0,0,0
2014090702,1,0,0,0
2014090701,1,0,0,1
2014090707,1,0,0,0
2014090708,1,0,0,1
2014090706,1,0,0,0
2014090704,1,0,0,0
2014090705,1,0,0,1
2014090703,1,0,0,0
2014090700,1,0,0,1
2014090710,1,0,0,0
2014090711,1,0,0,1
2014090712,1,0,0,0
2014090800,1,0,0,0
2014090801,1,0,0,0
2014091100,2,0,-1,1
2014091400,2,1,0,1
2014091406,2,1,1,0
2014091403,2,0,0,0
2014091405,2,0,-1,0
2014091401,2,1,0,0
2014091402,2,1,0,0
2014091407,2,0,0,0
2014091404,2,1,1,0
2014091408,2,0,-1,0
2014091409,2,0,0,0
2014091410,2,1,1,1
2014091412,2,0,-1,0
2014091411,2,0,-1,0
2014091413,2,1,1,0
2014091500,2,0,-1,0
2014091800,3,1,1,1
2014092109,3,1,0,0
2014092103,3,1,0,1
2014092100,3,2,1,0
2014092101,3,2,1,0
2014092105,3,1,1,0
2014092108,3,2,1,1
2014092102,3,1,0,1
2014092107,3,0,-2,0
2014092104,3,0,0,1
2014092106,3,0,-1,0
2014092110,3,2,1,1
2014092112,3,1,-1,0
2014092111,3,1,1,0
2014092113,3,2,1,0
2014092200,3,1,0,0
2014092500,4,1,0,1
2014092801,4,2,1,1
2014092805,4,1,-1,0
2014092802,4,2,0,0
2014092800,4,2,0,0
2014092803,4,1,0,1
2014092807,4,2,2,0
2014092806,4,0,-1,0
2014092808,4,2,2,0
2014092804,4,1,-1,0
2014092809,4,1,-2,0
2014092810,4,2,1,0
2014092900,4,1,-1,0
2014100200,5,2,0,1
2014100508,5,1,0,0
2014100504,5,0,-2,0
2014100507,5,3,2,0
2014100505,5,1,0,1
2014100506,5,2,0,0
2014100500,5,2,0,0
2014100501,5,3,0,0
2014100503,5,2,-1,0
2014100502,5,3,1,0
2014100509,5,2,-1,0
2014100511,5,2,0,0
2014100510,5,3,2,0
2014100512,5,2,-1,0
2014100600,5,1,-1,0
2014100900,6,3,0,1
2014101203,6,2,-1,1
2014101206,6,1,-2,0
2014101208,6,1,1,1
2014101204,6,2,-1,0
2014101207,6,1,-2,0
2014101205,6,2,-1,1
2014101201,6,3,0,1
2014101202,6,3,0,0
2014101209,6,0,-4,1
2014101210,6,3,2,0
2014101200,6,2,0,0
2014101211,6,3,-1,0
2014101212,6,4,1,1
2014101300,6,1,-2,1
2014101600,7,4,3,1
2014101907,7,1,-2,1
2014101902,7,3,1,0
2014101906,7,0,-3,0
2014101905,7,4,0,0
2014101901,7,3,1,0
2014101908,7,1,-1,0
2014101900,7,4,2,0
2014101904,7,4,1,0
2014101903,7,4,2,0
2014101909,7,5,3,1
2014101911,7,0,-4,0
2014101910,7,5,2,1
2014101912,7,4,0,0
2014102000,7,3,0,0
2014102300,8,5,0,1
2014102600,8,2,-3,0
2014102602,8,4,-1,1
2014102606,8,1,-3,1
2014102605,8,5,2,0
2014102603,8,1,-2,0
2014102607,8,1,-1,0
2014102608,8,2,-1,1
2014102604,8,3,1,0
2014102601,8,3,0,0
2014102609,8,5,0,0
2014102610,8,3,3,0
2014102611,8,4,-1,0
2014102612,8,2,-3,0
2014102700,8,6,4,1
2014103000,9,3,0,1
2014110201,9,4,3,0
2014110200,9,5,4,0
2014110205,9,4,-1,0
2014110204,9,4,3,0
2014110206,9,3,0,0
2014110203,9,4,-1,0
2014110202,9,6,0,0
2014110207,9,4,2,1
2014110208,9,6,0,0
2014110209,9,4,4,0
2014110210,9,5,0,1
2014110300,9,3,-2,0
2014110600,10,6,1,1
2014110902,10,6,1,0
2014110901,10,5,0,0
2014110905,10,1,-5,0
2014110904,10,4,0,0
2014110900,10,5,3,0
2014110906,10,1,-1,1
2014110903,10,1,-5,0
2014110907,10,0,-6,1
2014110908,10,7,4,1
2014110909,10,5,2,0
2014110910,10,5,2,1
2014111000,10,6,3,0
2014111300,11,5,0,1
2014111607,11,3,-4,0
2014111605,11,4,-2,0
2014111601,11,3,-1,1
2014111600,11,3,0,1
2014111602,11,6,2,0
2014111608,11,3,2,0
2014111606,11,3,-2,0
2014111604,11,6,0,0
2014111609,11,5,5,1
2014111610,11,8,1,0
2014111603,11,6,-1,0
2014111611,11,6,-1,0
2014111700,11,2,-4,0
2014112000,12,0,-7,1
2014112307,12,7,5,0
2014112303,12,5,-2,0
2014112302,12,4,2,0
2014112306,12,8,1,0
2014112300,12,4,-2,0
2014112304,12,6,5,1
2014112305,12,4,-3,1
2014112308,12,6,2,0
2014112309,12,6,-3,1
2014112311,12,6,3,0
2014112310,12,7,1,0
2014112312,12,3,-4,1
2014112301,12,5,3,1
2014112400,12,4,-2,0
2014112700,13,7,2,1
2014112701,13,8,0,1
2014112702,13,7,0,1
2014113007,13,4,3,0
2014113002,13,5,3,1
2014113003,13,7,4,0
2014113001,13,6,-1,0
2014113008,13,2,-6,0
2014113005,13,4,1,0
2014113000,13,7,0,0
2014113006,13,7,3,0
2014113004,13,1,-2,0
2014113009,13,4,-5,0
2014113010,13,8,-1,0
2014113011,13,7,-1,1
2014120100,13,2,-4,1
2014120400,14,5,-3,0
2014120704,14,7,0,0
2014120702,14,8,6,0
2014120705,14,5,3,0
2014120700,14,9,2,1
2014120706,14,5,2,1
2014120707,14,2,-1,0
2014120703,14,2,-4,1
2014120701,14,7,-1,0
2014120708,14,3,-2,0
2014120709,14,9,2,0
2014120710,14,9,2,0
2014120711,14,1,-6,0
2014120712,14,9,1,0
2014120713,14,8,-1,0
2014120800,14,9,4,0
2014121100,15,6,-4,1
2014121402,15,7,-3,0
2014121401,15,8,6,0
2014121404,15,7,-2,1
2014121408,15,10,3,1
2014121409,15,4,1,1
2014121406,15,9,2,1
2014121400,15,5,-3,0
2014121407,15,7,5,1
2014121403,15,4,2,1
2014121410,15,8,-2,1
2014121411,15,2,0,0
2014121405,15,9,3,1
2014121412,15,9,2,1
2014121413,15,9,0,1
2014121500,15,5,0,0
2014121800,16,2,0,1
2014122000,16,3,-6,1
2014122001,16,7,-1,0
2014122105,16,3,-8,1
2014122106,16,9,1,0
2014122102,16,7,-2,0
2014122101,16,5,-5,1
2014122103,16,7,1,0
2014122107,16,2,-8,0
2014122104,16,6,1,1
2014122100,16,5,-2,0
2014122108,16,6,1,0
2014122110,16,2,-6,0
2014122109,16,10,0,0
2014122111,16,11,1,1
2014122200,16,10,-1,0
2014122805,17,8,5,1
2014122808,17,6,-3,1
2014122811,17,2,-8,1
2014122801,17,9,2,1
2014122807,17,12,4,1
2014122806,17,6,1,1
2014122810,17,2,-4,1
2014122804,17,8,-1,1
2014122803,17,8,5,1
2014122812,17,4,-7,1
2014122800,17,6,0,1
2014122802,17,11,0,1
2014122813,17,11,8,1
2014122814,17,7,-4,1
2014122815,17,11,5,1
2014122809,17,10,-1,1
2015091000,1,0,0,0
2015091301,1,0,0,1
2015091300,1,0,0,1
2015091303,1,0,0,0
2015091306,1,0,0,0
2015091304,1,0,0,0
2015091302,1,0,0,0
2015091305,1,0,0,0
2015091307,1,0,0,0
2015091308,1,0,0,0
2015091311,1,0,0,0
2015091310,1,0,0,0
2015091309,1,0,0,0
2015091312,1,0,0,1
2015091400,1,0,0,0
2015091401,1,0,0,0
2015091700,2,1,0,1
2015092006,2,0,-1,0
2015092003,2,0,-1,0
2015092004,2,0,-1,0
2015092000,2,1,1,0
2015092008,2,0,0,1
2015092009,2,0,-1,0
2015092001,2,1,0,1
2015092007,2,0,0,1
2015092002,2,1,0,0
2015092005,2,0,-1,0
2015092010,2,0,0,0
2015092011,2,0,-1,0
2015092012,2,0,-1,1
2015092013,2,1,1,0
2015092100,2,0,-1,0
2015092400,3,0,-1,1
2015092705,3,1,0,0
2015092708,3,1,0,0
2015092704,3,1,0,0
2015092707,3,0,-2,1
2015092702,3,2,2,0
2015092703,3,0,-1,0
2015092700,3,2,0,0
2015092701,3,2,2,1
2015092709,3,1,1,1
2015092706,3,2,1,0
2015092710,3,2,1,1
2015092712,3,1,0,1
2015092711,3,0,0,0
2015092713,3,0,-2,0
2015092800,3,2,1,0
2015100100,4,2,2,1
2015100400,4,1,-1,1
2015100404,4,1,0,1
2015100407,4,2,1,0
2015100401,4,0,-2,0
2015100402,4,3,2,0
2015100403,4,3,2,0
2015100405,4,1,0,1
2015100406,4,1,-2,1
2015100408,4,1,0,0
2015100411,4,3,1,0
2015100409,4,1,-2,0
2015100410,4,3,2,1
2015100412,4,0,-2,0
2015100500,4,1,1,0
2015100800,5,1,-1,1
2015101103,5,4,2,0
2015101107,5,4,2,0
2015101104,5,1,0,0
2015101101,5,1,0,0
2015101105,5,1,0,1
2015101102,5,4,2,0
2015101106,5,1,-1,0
2015101100,5,1,0,0
2015101108,5,0,-3,0
2015101110,5,2,-2,1
2015101109,5,2,-1,0
2015101111,5,2,1,0
2015101200,5,2,0,0
2015101500,6,1,-4,1
2015101801,6,3,1,0
2015101800,6,0,-2,1
2015101805,6,2,-3,0
2015101807,6,1,0,1
2015101803,6,2,1,0
2015101804,6,3,-2,0
2015101806,6,1,0,0
2015101802,6,3,-1,0
2015101808,6,2,-2,0
2015101809,6,5,3,0
2015101810,6,1,0,0
2015101811,6,3,-1,0
2015101900,6,2,-1,1
2015102200,7,2,0,1
2015102500,7,1,-2,0
2015102501,7,2,0,0
2015102503,7,5,1,1
2015102502,7,2,0,0
2015102508,7,1,-4,0
2015102506,7,1,-2,1
2015102507,7,3,1,0
2015102504,7,1,-3,0
2015102505,7,2,0,0
2015102509,7,2,0,1
2015102510,7,3,1,1
2015102511,7,5,2,0
2015102600,7,4,3,0
2015102900,8,6,3,1
2015110100,8,2,1,0
2015110104,8,2,-2,1
2015110107,8,3,1,1
2015110102,8,4,-2,1
2015110101,8,1,-1,0
2015110108,8,2,-3,0
2015110103,8,2,1,1
2015110105,8,6,4,1
2015110106,8,3,-1,0
2015110109,8,3,-1,0
2015110110,8,2,-1,0
2015110111,8,6,0,0
2015110200,8,6,3,0
2015110500,9,7,5,1
2015110800,9,5,1,0
2015110804,9,3,0,1
2015110802,9,7,4,0
2015110805,9,4,2,0
2015110803,9,4,3,0
2015110806,9,4,0,0
2015110801,9,7,1,0
2015110808,9,2,-4,0
2015110807,9,3,-1,0
2015110809,9,3,-4,0
2015110810,9,2,-1,1
2015110900,9,2,0,0
2015111200,10,5,1,1
2015111504,10,4,1,0
2015111503,10,2,-6,0
2015111501,10,6,5,1
2015111507,10,5,3,1
2015111502,10,3,1,0
2015111505,10,4,1,0
2015111506,10,2,0,0
2015111500,10,3,-1,0
2015111508,10,4,-2,0
2015111510,10,7,4,1
2015111509,10,5,-3,0
2015111511,10,4,-2,1
2015111600,10,8,5,0
2015111900,11,3,1,1
2015112204,11,4,0,0
2015112208,11,2,-2,0
2015112200,11,4,-3,0
2015112202,11,6,2,0
2015112206,11,9,5,0
2015112201,11,2,-2,0
2015112203,11,4,-1,0
2015112207,11,4,2,0
2015112211,11,2,-2,1
2015112205,11,7,1,1
2015112210,11,4,1,1
2015112209,11,7,-1,0
2015112300,11,9,4,1
2015112600,12,3,-1,0
2015112601,12,3,-7,0
2015112602,12,7,3,1
2015112905,12,5,1,1
2015112907,12,2,-2,0
2015112903,12,5,1,0
2015112904,12,5,0,0
2015112902,12,8,4,0
2015112901,12,6,-1,0
2015112900,12,4,-1,1
2015112908,12,5,0,0
2015112906,12,4,2,0
2015112909,12,3,-5,1
2015112910,12,5,-1,0
2015112911,12,8,-2,0
2015113000,12,2,-1,1
2015120300,13,4,-3,1
2015120609,13,4,-5,1
2015120601,13,5,-1,0
2015120606,13,8,2,0
2015120605,13,5,2,0
2015120604,13,2,-2,1
2015120603,13,2,-7,1
2015120608,13,5,-1,1
2015120602,13,4,0,0
2015120600,13,5,-1,0
2015120611,13,3,-6,1
2015120610,13,5,-1,1
2015120607,13,4,-7,1
2015120612,13,10,6,0
2015120613,13,6,0,0
2015120700,13,5,2,1
2015121000,14,10,2,0
2015121300,14,5,-1,0
2015121306,14,5,0,0
2015121304,14,4,-2,1
2015121302,14,10,3,1
2015121309,14,4,0,0
2015121310,14,2,-2,0
2015121308,14,6,2,1
2015121301,14,7,4,0
2015121313,14,4,-3,0
2015121307,14,12,6,1
2015121305,14,7,4,1
2015121311,14,10,5,1
2015121312,14,8,4,0
2015121303,14,6,-4,0
2015121400,14,5,0,0
2015121700,15,5,-1,0
2015121900,15,4,-4,0
2015122000,15,6,-7,0
2015122002,15,8,3,1
2015122004,15,6,0,1
2015122005,15,11,8,0
2015122003,15,5,-1,0
2015122006,15,4,-4,0
2015122007,15,6,0,0
2015122009,15,6,-3,0
2015122008,15,8,5,0
2015122012,15,4,-6,0
2015122010,15,8,-2,0
2015122011,15,3,-2,0
2015122001,15,6,-5,0
2015122100,15,5,1,0
2015122400,16,6,2,1
2015122600,16,6,-1,1
2015122703,16,3,-4,1
2015122712,16,4,-5,1
2015122709,16,6,2,0
2015122701,16,5,-1,0
2015122702,16,9,-3,1
2015122707,16,7,-7,1
2015122704,16,9,6,0
2015122708,16,6,1,0
2015122705,16,5,1,0
2015122700,16,5,0,0
2015122710,16,12,2,0
2015122711,16,9,3,1
2015122706,16,9,3,0
2015122800,16,10,-1,0
2016010305,17,7,4,1
2016010301,17,5,-7,1
2016010302,17,11,6,1
2016010311,17,8,2,1
2016010304,17,8,3,1
2016010303,17,3,-6,1
2016010300,17,7,-3,1
2016010309,17,6,0,1
2016010307,17,4,-4,1
2016010308,17,6,0,1
2016010313,17,11,7,1
2016010315,17,4,-3,1
2016010312,17,14,8,1
2016010314,17,13,4,1
2016010306,17,10,3,1
2016010310,17,10,0,1
2016090800,1,0,0,0
2016091101,1,0,0,0
2016091103,1,0,0,0
2016091108,1,0,0,0
2016091105,1,0,0,0
2016091106,1,0,0,0
2016091107,1,0,0,0
2016091102,1,0,0,0
2016091104,1,0,0,1
2016091100,1,0,0,1
2016091109,1,0,0,0
2016091111,1,0,0,0
2016091110,1,0,0,1
2016091112,1,0,0,0
2016091200,1,0,0,0
2016091201,1,0,0,1
2016091500,2,0,0,1
2016091802,2,1,1,0
2016091806,2,1,0,1
2016091801,2,0,-1,1
2016091803,2,1,0,0
2016091804,2,1,1,1
2016091800,2,0,-1,0
2016091807,2,0,0,1
2016091805,2,1,1,0
2016091808,2,0,-1,0
2016091809,2,0,-1,1
2016091811,2,1,1,0
2016091810,2,1,1,0
2016091812,2,0,0,0
2016091813,2,1,0,1
2016091900,2,0,-1,0
2016092200,3,2,0,0
2016092505,3,0,0,0
2016092507,3,1,0,0
2016092504,3,0,-2,0
2016092501,3,1,-1,0
2016092503,3,1,0,1
2016092506,3,2,2,1
2016092502,3,1,-1,0
2016092500,3,0,-1,0
2016092509,3,1,0,0
2016092508,3,1,0,1
2016092510,3,2,0,0
2016092511,3,0,-1,0
2016092512,3,1,0,0
2016092513,3,1,1,0
2016092600,3,0,-1,1
2016092900,4,1,0,0
2016100200,4,0,-1,1
2016100203,4,0,-1,1
2016100205,4,3,2,1
2016100204,4,2,1,1
2016100202,4,3,1,0
2016100206,4,1,-1,0
2016100201,4,2,1,1
2016100207,4,1,1,0
2016100208,4,1,-2,0
2016100211,4,1,-1,0
2016100210,4,1,1,0
2016100209,4,1,-1,1
2016100212,4,2,0,0
2016100300,4,3,1,0
2016100600,5,1,0,1
2016100904,5,1,0,0
2016100901,5,0,-3,0
2016100903,5,1,0,0
2016100902,5,1,-2,0
2016100906,5,3,2,0
2016100900,5,3,1,0
2016100905,5,4,1,0
2016100907,5,4,1,0
2016100910,5,3,2,1
2016100908,5,3,1,0
2016100909,5,3,1,0
2016100911,5,2,0,0
2016101000,5,1,0,1
2016101300,6,1,-3,1
2016101601,6,1,0,0
2016101602,6,2,-1,0
2016101603,6,1,-3,0
2016101604,6,4,2,0
2016101600,6,3,2,0
2016101607,6,2,2,0
2016101606,6,2,-1,0
2016101608,6,3,0,1
2016101605,6,1,0,1
2016101609,6,4,2,1
2016101610,6,3,-1,0
2016101611,6,3,-1,0
2016101612,6,3,1,1
2016101700,6,2,1,0
2016102000,7,3,2,1
2016102300,7,3,0,0
2016102303,7,2,-2,0
2016102307,7,3,-2,0
2016102302,7,3,-1,0
2016102308,7,3,1,1
2016102301,7,2,2,1
2016102305,7,2,-2,1
2016102304,7,3,1,0
2016102306,7,1,-2,0
2016102309,7,4,2,0
2016102310,7,1,-1,0
2016102311,7,4,-1,0
2016102312,7,3,-1,1
2016102400,7,4,0,0
2016102700,8,3,1,1
2016103000,8,3,-1,0
2016103009,8,1,-2,0
2016103003,8,0,-2,0
2016103002,8,4,-2,1
2016103007,8,3,-2,0
2016103005,8,3,-1,0
2016103006,8,2,-3,0
2016103004,8,4,0,0
2016103008,8,5,2,1
2016103001,8,4,0,0
2016103010,8,5,1,1
2016103100,8,1,-4,1
2016110300,9,3,-2,1
2016110601,9,3,-1,1
2016110606,9,4,0,1
2016110604,9,3,0,1
2016110603,9,5,3,0
2016110602,9,0,-6,0
2016110605,9,5,1,1
2016110608,9,1,-2,0
2016110607,9,3,1,0
2016110609,9,4,1,0
2016110610,9,3,-1,0
2016110600,9,6,0,1
2016110700,9,5,1,0
2016111000,10,4,4,1
2016111301,10,3,-3,0
2016111307,10,4,0,0
2016111308,10,5,0,0
2016111302,10,2,-3,1
2016111306,10,3,1,0
2016111303,10,4,-2,0
2016111304,10,3,0,0
2016111305,10,4,-2,0
2016111309,10,4,0,0
2016111310,10,3,2,1
2016111311,10,4,-3,0
2016111312,10,7,1,0
2016111400,10,5,2,0
2016111700,11,3,-1,1
2016112005,11,7,3,0
2016112007,11,6,4,0
2016112003,11,5,3,0
2016112006,11,5,1,0
2016112004,11,4,-1,1
2016112002,11,8,3,0
2016112000,11,3,-1,0
2016112001,11,0,-4,1
2016112008,11,4,-1,0
2016112010,11,7,2,0
2016112009,11,1,-6,0
2016112011,11,6,2,0
2016112100,11,7,1,0
2016112400,12,6,0,1
2016112401,12,9,2,1
2016112402,12,5,0,0
2016112702,12,5,3,0
2016112705,12,6,2,0
2016112703,12,2,-3,0
2016112707,12,4,0,0
2016112706,12,6,5,0
2016112701,12,5,2,1
2016112700,12,6,2,0
2016112704,12,0,-7,0
2016112708,12,5,-3,0
2016112711,12,3,-5,1
2016112710,12,8,4,0
2016112709,12,7,0,1
2016112800,12,5,1,0
2016120100,13,6,-4,0
2016120403,13,3,-2,0
2016120400,13,7,-1,0
2016120406,13,9,5,0
2016120404,13,5,-1,0
2016120402,13,2,1,0
2016120407,13,5,-2,0
2016120401,13,6,-1,0
2016120405,13,2,-5,0
2016120408,13,9,3,0
2016120409,13,4,-3,0
2016120411,13,5,-1,0
2016120410,13,6,-2,0
2016120412,13,8,4,0
2016120500,13,3,-2,0
2016120800,14,9,-1,1
2016121103,14,8,5,1
2016121109,14,6,-2,0
2016121104,14,6,0,1
2016121105,14,2,-4,0
2016121102,14,0,-4,1
2016121107,14,5,-2,1
2016121100,14,6,-1,0
2016121106,14,7,2,0
2016121101,14,4,-1,0
2016121110,14,1,-2,0
2016121112,14,4,-3,0
2016121108,14,7,2,1
2016121111,14,6,-3,0
2016121113,14,8,-3,1
2016121200,14,10,3,0
2016121500,15,9,5,1
2016121700,15,4,-4,1
2016121807,15,9,0,0
2016121802,15,3,-4,1
2016121806,15,7,1,0
2016121812,15,5,-3,1
2016121800,15,7,2,0
2016121804,15,7,5,1
2016121805,15,10,3,0
2016121801,15,6,6,0
2016121808,15,5,0,0
2016121809,15,8,7,0
2016121810,15,8,-3,0
2016121811,15,5,-5,1
2016121803,15,11,3,0
2016121900,15,8,3,0
2016122200,16,5,-5,1
2016122406,16,12,8,1
2016122404,16,8,1,1
2016122400,16,7,-2,1
2016122403,16,0,-5,0
2016122405,16,2,-6,1
2016122402,16,3,-5,0
2016122401,16,6,-3,1
2016122408,16,11,4,0
2016122409,16,4,3,1
2016122407,16,6,-2,1
2016122410,16,10,5,1
2016122411,16,8,3,0
2016122500,16,9,1,1
2016122501,16,10,2,1
2016122600,16,12,3,0
2017010110,17,8,-1,1
2017010103,17,7,4,1
2017010101,17,5,-3,1
2017010107,17,6,-7,1
2017010109,17,8,2,1
2017010104,17,10,-3,1
2017010106,17,4,-3,1
2017010108,17,10,9,1
2017010105,17,7,4,1
2017010112,17,8,-4,1
2017010114,17,5,-6,1
2017010100,17,10,3,1
2017010111,17,9,-1,1
2017010115,17,2,-8,1
2017010113,17,4,-2,1
2017010102,17,9,0,1
2017090700,1,0,0,0
2017091007,1,0,0,0
2017091001,1,0,0,0
2017091000,1,0,0,1
2017091003,1,0,0,1
2017091002,1,0,0,1
2017091008,1,0,0,1
2017091004,1,0,0,0
2017091005,1,0,0,1
2017091009,1,0,0,0
2017091010,1,0,0,0
2017091011,1,0,0,0
2017091012,1,0,0,1
2017091100,1,0,0,0
2017091101,1,0,0,1
2017091400,2,0,0,0
2017091703,2,1,1,1
2017091704,2,1,0,0
2017091702,2,0,0,0
2017091705,2,0,0,0
2017091701,2,1,0,0
2017091706,2,1,0,0
2017091707,2,0,0,0
2017091700,2,1,1,1
2017091708,2,0,0,0
2017091709,2,1,1,0
2017091712,2,0,0,1
2017091710,2,1,0,0
2017091711,2,1,1,0
2017091713,2,1,0,0
2017091800,2,0,-1,0
2017092100,3,0,-1,1
2017092400,3,1,-1,0
2017092408,3,0,-1,1
2017092403,3,0,-2,0
2017092402,3,2,2,1
2017092405,3,0,0,0
2017092407,3,1,0,0
2017092409,3,1,1,1
2017092404,3,2,0,0
2017092401,3,1,-1,0
2017092406,3,1,0,0
2017092410,3,1,0,0
2017092411,3,1,1,0
2017092412,3,0,-2,1
2017092413,3,1,-1,0
2017092500,3,1,0,0
2017092800,4,2,1,1
2017100100,4,1,0,0
2017100101,4,3,1,0
2017100107,4,2,0,0
2017100103,4,0,0,1
2017100105,4,1,-1,1
2017100108,4,1,-1,0
2017100104,4,2,0,0
2017100106,4,2,0,1
2017100102,4,2,0,1
2017100110,4,0,-2,0
2017100109,4,1,1,1
2017100111,4,1,1,0
2017100112,4,2,0,1
2017100113,4,1,0,0
2017100200,4,3,1,0
2017100500,5,2,0,0
2017100804,5,1,-1,0
2017100805,5,0,0,0
2017100803,5,1,1,0
2017100800,5,1,-2,0
2017100801,5,0,-2,0
2017100802,5,3,0,0
2017100806,5,3,1,0
2017100807,5,3,1,0
2017100808,5,3,1,1
2017100809,5,2,0,0
2017100810,5,2,-1,0
2017100811,5,2,-2,0
2017100900,5,1,-1,1
2017101200,6,4,0,0
2017101500,6,3,1,0
2017101504,6,2,-1,0
2017101506,6,2,2,0
2017101503,6,3,-1,1
2017101505,6,3,0,1
2017101502,6,2,2,0
2017101501,6,3,2,0
2017101507,6,2,0,0
2017101508,6,3,0,0
2017101509,6,5,2,0
2017101510,6,2,1,1
2017101511,6,3,3,0
2017101600,6,2,0,1
2017101900,7,2,-3,1
2017102200,7,3,1,0
2017102206,7,3,0,1
2017102202,7,0,-3,0
2017102207,7,4,1,0
2017102201,7,2,-2,0
2017102205,7,4,1,1
2017102203,7,4,1,0
2017102204,7,2,-1,1
2017102209,7,0,-2,0
2017102208,7,4,2,1
2017102210,7,2,-1,1
2017102211,7,1,-2,0
2017102212,7,4,1,0
2017102300,7,5,2,1
2017102600,8,3,-1,0
2017102900,8,0,-5,0
2017102902,8,2,0,0
2017102901,8,4,1,0
2017102905,8,3,0,0
2017102904,8,4,1,0
2017102907,8,2,-2,1
2017102906,8,6,6,0
2017102903,8,5,2,0
2017102908,8,4,1,0
2017102909,8,3,0,1
2017102910,8,3,-2,0
2017103000,8,5,2,1
2017110200,9,3,-2,1
2017110500,9,5,1,1
2017110502,9,4,1,0
2017110505,9,7,4,0
2017110504,9,1,-4,0
2017110506,9,4,0,0
2017110503,9,5,3,1
2017110501,9,3,1,1
2017110508,9,5,2,0
2017110507,9,0,-3,1
2017110509,9,4,-2,0
2017110510,9,4,1,0
2017110600,9,4,1,1
2017110900,10,4,-1,1
2017111200,10,5,-1,0
2017111201,10,3,-1,1
2017111204,10,5,2,0
2017111207,10,4,-2,0
2017111202,10,4,4,0
2017111206,10,5,2,0
2017111203,10,3,-3,0
2017111205,10,2,-2,0
2017111208,10,6,3,0
2017111209,10,4,-1,0
2017111210,10,0,-1,0
2017111211,10,3,-3,0
2017111300,10,6,2,0
2017111600,11,7,1,0
2017111905,11,7,3,0
2017111903,11,3,-1,0
2017111900,11,3,-2,1
2017111904,11,7,0,0
2017111902,11,5,1,0
2017111906,11,1,-5,0
2017111901,11,0,-6,0
2017111911,11,4,1,0
2017111907,11,3,-2,0
2017111909,11,4,-3,0
2017111908,11,3,0,0
2017111910,11,5,-3,1
2017112000,11,6,1,0
2017112300,12,6,-2,1
2017112301,12,5,1,0
2017112302,12,4,2,1
2017112606,12,9,6,0
2017112600,12,6,2,1
2017112605,12,4,-3,0
2017112601,12,4,4,1
2017112602,12,3,-3,1
2017112603,12,6,1,0
2017112604,12,8,4,1
2017112608,12,1,-5,1
2017112610,12,4,1,1
2017112607,12,7,-1,0
2017112609,12,4,-3,0
2017112611,12,8,3,0
2017112700,12,5,1,0
2017113000,13,5,0,1
2017120302,13,6,-3,1
2017120308,13,4,-2,0
2017120301,13,6,0,0
2017120303,13,3,2,0
2017120306,13,4,1,0
2017120300,13,7,-2,0
2017120304,13,5,1,0
2017120305,13,7,4,1
2017120309,13,7,3,1
2017120310,13,5,5,0
2017120307,13,8,0,1
2017120312,13,5,3,0
2017120311,13,5,-3,1
2017120313,13,7,-3,0
2017120400,13,5,-4,1
2017120700,14,7,-2,1
2017121004,14,4,2,0
2017121000,14,6,3,0
2017121006,14,6,0,1
2017121007,14,4,-2,0
2017121003,14,0,-6,0
2017121002,14,5,2,0
2017121001,14,8,-2,0
2017121012,14,2,-4,1
2017121008,14,5,-3,0
2017121009,14,3,-2,0
2017121010,14,6,1,0
2017121011,14,9,-1,0
2017121005,14,8,0,0
2017121013,14,10,3,1
2017121100,14,5,-5,1
2017121400,15,3,-1,0
2017121600,15,7,3,1
2017121601,15,7,0,1
2017121707,15,5,-1,0
2017121703,15,9,5,1
2017121700,15,7,1,1
2017121705,15,9,4,0
2017121702,15,0,-7,1
2017121704,15,10,5,0
2017121706,15,2,-9,1
2017121701,15,9,2,0
2017121708,15,8,-1,1
2017121710,15,3,-5,0
2017121709,15,11,1,0
2017121711,15,6,-1,0
2017121800,15,4,-4,1
2017122300,16,8,5,0
2017122301,16,7,-4,1
2017122402,16,5,-3,0
2017122401,16,4,4,0
2017122405,16,10,1,1
2017122400,16,10,6,1
2017122407,16,8,-2,0
2017122408,16,6,1,0
2017122406,16,5,-2,0
2017122404,16,11,3,1
2017122403,16,8,2,0
2017122409,16,4,-6,0
2017122411,16,8,0,0
2017122410,16,6,4,0
2017122500,16,4,-7,0
2017122501,16,12,6,0
2017123109,17,12,12,1
2017123107,17,2,-5,1
2017123105,17,12,7,1
2017123103,17,3,-1,1
2017123106,17,12,7,1
2017123102,17,8,1,1
2017123108,17,13,5,1
2017123110,17,4,-7,1
2017123112,17,5,-4,1
2017123113,17,8,2,1
2017123104,17,6,-2,1
2017123111,17,8,-2,1
2017123101,17,9,3,1
2017123100,17,9,-2,1
2017123114,17,11,6,1
2017123115,17,9,2,1
